No,Name,Email,Phone,"Join Date"
1,"Hijan Vir",sam005@mailinator.com,9685741230,"2023-07-03 06:41 AM"
2,"Hijan Vir",sam005@mailinator.com,9685741230,"2023-07-03 06:49 AM"
3,"cycy cycycy",chccucuv@gg.bj,8383868688,"2023-07-03 06:52 AM"
4,"Fitvh dgbk",sam008@mailinator.com,8556242863,"2023-07-03 07:13 AM"
5,"ftb gybhu",sam012@mailinator.com,5555544443,"2023-07-03 07:14 AM"
6,"jccjvj chcjvvkkv",sam046@mailinator.com,5555544442,"2023-07-03 07:24 AM"
7,"ftb gybhu",sam012@mailinator.com,5555544456,"2023-07-03 07:25 AM"
8,"chchvvjvj cuvuvuvi",sam144@mailinator.com,9656868532,"2023-07-03 07:31 AM"
9,"Tuyi Dar",sam888@mailinator.com,5412525457,"2023-07-05 05:05 AM"
10,"Rib Bit",sam0@mailinator.com,5465555223,"2023-07-05 06:46 AM"
11,"asdas sadasd",sadas@fdf.hy,2132132132312,"2023-07-05 07:36 AM"
12,"shubhamtes vrin",sia690@yopmail.com,5896478523,"2023-07-05 07:40 AM"
13,"Tur Rew",sam3@mailinator.com,56412365412,"2023-07-05 10:17 AM"
14,"maitri four",maitri4@mailinator.com,8986968956,"2023-07-12 09:46 AM"
15,"Asad Ars",sakshi12156516541123231233@mailinator.com,456789123165,"2023-07-21 09:02 AM"
